QmRB3d1wMKRapmSG7kdQJfPP7tZ5vWK3hyobXazMQpxeG2,bigchaindb.toml
QmaY8K3bfwUjnCZK2TABN4U8meS8mc8bgezypcpF7eNzsA,bitcoinclassic.toml
QmcqDYNhNnZynBj681bfD4mZZwXg5VDRACfjg8gSE75LPR,bitcoincore.toml
QmddYXoumW6Fom2dXv1vooKVL4kR3mvsA33fyvzJjWwxD8,btcd.toml
QmZ5uz7GC4XW7Qcrzb6cLHvoEFxCtnPqfhFC2QLXtKwXVX,compilers.toml
QmYQ73mntg334jdSRWRcbvYFBhGbL3bV1raU6jFe5Kkqwf,do_not_use.toml
QmNzrZDqgLDyZeH5DW49eBcTtHKUQtyaVkSZJheToTxGZC,eth.toml
QmXEGbAtrB8BnmVo94RGYu5bw96TaFeajdk2Ed4EJK5SWq,ipfs.toml
Qme4DR3RpW6WJ4uis6Jvbw6vSFi1QrWfSRcWRfKBp6gTFq,ipfs_hashes.csv
QmXv6Sumd1Rn4mEDofjdfHTBGfxuxdnFKdeGPbCq9tx9ve,keys.toml
QmTNb6xDtH81h7Bca6xQW9bhF6gFBt36dwVyJ4EMdBunpa,logspout.toml
QmYxfPzBPYqpsUT5LthqXd22BH9NSTKLpBM8Kq2wGksG4B,logsrotate.toml
QmNaZ2iqXRPQipAbDyYnYW6Vxvm4hF14HBHdQ2WKj8UVmz,mindy.toml
QmeYtpry42pAm31Aqz9kY5V3nKJZnExRFRKSUBA2S1FNpG,openbazaar.toml
QmcFyHj9hY3KfJ7on57ikwyiLhsHdinNBebH51rn1tnmLn,rethinkdb.toml
QmaRzMgogNdF99goa1phBEFmPLVw7qz6kWUMsnXJ5ykAgN,tinydns.toml
QmTEWimypParpWY5o8Mi1XyespZuvBC8XRnNrto49jC9M6,toadserver.toml
QmcPsPmhUrub7EWQV7vrZS2m5m9jKpkrov75PoobYe8CT7,tor.toml
QmNy5UsyHpw7Vd6oYwxDwNFEEMBgJAqcxwU4AtCDQxjUYg,watchtower.toml
QmVGGBLeVHSXn75jds32eWCrsj2kchiVkM4MmSyDcvNWwR,zcash.toml
